dataset_name,start_date,end_date,duration_days,stations,mean_active_deployments,temporal_coverage_pct,longest_zero_effort_gap_days,trap_days_total,array_diameter_km,median_nn_dist_km,mean_active_cam_dist_km,centroid_lat,centroid_lon,n_obs_all,n_spp_all,n_obs_filtered,n_spp_filtered,n_slices,n_obs_no_timestamp,n_dep_no_coords,n_dep_bad_dates,provider,country,target,bait,trail,height,spacing
BE-Leuven,2018-03-26,2025-07-29,2683,396,31.856503913529632,100,0,85471,13.888027376460698,0.07040986416895538,0.838092191816376,50.80813842206131,4.657051227733738,243626,83,72582,18,5,0,0,0,Jim Caesar,Belgium,NA,NA,NA,NA,NA
FR-montpellier,2023-07-21,2024-10-14,452,48,40.79867256637168,100,0,18441,15.597834567656982,0.16923746976926712,0.5388440316942892,43.624056252252444,3.867054497492566,21113,14,17195,9,1,0,0,0,NA,NA,NA,NA,NA,NA,NA
GE-Berchtesgaden_NP,2019-08-07,2020-11-24,476,50,43.63025210084034,100,0,20768,21.927784687999587,1.008034314331837,1.3371222543822114,47.543945801658786,12.909137746505005,54986,24,31383,9,1,0,0,0,Maik Henrich,Germany,NA,NA,NA,NA,NA
GE-BFNP_201819,2018-05-09,2019-08-14,463,108,99.16630669546436,100,0,45914,35.35594610170205,0.9943268141366302,1.0970671817103865,49.01632339652697,13.412126635046876,318247,35,80686,11,1,0,0,0,Maik Henrich,Germany,NA,NA,NA,NA,NA
GE-BFNP_201920,2019-08-22,2020-11-01,438,99,76.59132420091325,100,0,33547,37.48386952370752,1.3881812135044067,1.3931159373715682,48.76982967305708,13.722018606771242,95250,26,50924,13,1,0,0,1,Maik Henrich,Germany,NA,NA,NA,NA,NA
GE-Black_Forest_NP,2019-08-27,2021-04-18,601,60,43.02329450915141,100,0,25857,21.175573165250285,1.1816369724284002,1.2236562896462249,48.449238150991334,8.208276265691447,37467,19,20841,8,1,0,0,0,Maik Henrich,Germany,NA,NA,NA,NA,NA
GE-Eifel_NP,2019-09-05,2020-10-08,400,60,52.1225,100,0,20849,22.825553159536106,0.996325764241248,1.115670932886815,50.58189555708338,6.406994454264099,106652,28,55751,11,1,0,0,0,Maik Henrich,Germany,NA,NA,NA,NA,NA
GE-Hainich_NP,2019-09-04,2020-10-15,408,69,63.5,100,0,25908,12.209884398339957,0.9912931680898984,0.9986836206216437,50.908844632100305,10.035698096342772,293620,30,245656,13,1,0,1,0,Maik Henrich,Germany,NA,NA,NA,NA,NA
GE-Harz_NP,2019-09-16,2020-12-16,458,60,49.8296943231441,100,0,22822,21.930615226015806,1.2080032855294798,1.2725371258788496,51.740659464909804,10.520054580981618,87192,23,51416,12,1,0,0,0,Maik Henrich,Germany,NA,NA,NA,NA,NA
GE-Hunsrueck_Hochwald_NP,2019-07-10,2020-10-31,480,60,52.97708333333333,100,0,25429,26.87872059837143,0.998141151556786,1.0973333243546208,49.69586098888404,7.10326502099519,80609,23,54169,11,1,0,0,0,Maik Henrich,Germany,NA,NA,NA,NA,NA
GE-Kellerwald_Edersee_NP,2019-08-07,2020-11-20,472,58,53.8728813559322,100,0,25428,12.12065348199952,0.9847360118449338,1.0013740843430523,51.14948989759183,9.009448888663712,65748,26,49986,11,1,0,0,0,Maik Henrich,Germany,NA,NA,NA,NA,NA
GE-Langenau,2021-08-07,2023-07-10,703,35,23.640113798008535,100,0,16619,4.683092171091866,0.05151451730039581,0.1459193769232347,47.60895147201271,11.803100413304152,167550,22,97746,9,1,0,0,0,NA,NA,NA,NA,NA,NA,NA
GE-Mueritz_NP,2019-08-17,2020-12-12,484,70,50.824380165289256,100,0,24599,82.43432835907734,1.0046409581887645,3.591951239103816,53.4689396414074,13.126616598968102,214429,27,147511,11,1,0,0,0,Maik Henrich,Germany,NA,NA,NA,NA,NA
IT-Alps,2022-05-07,2023-11-23,566,14,13.86749116607774,100,0,7849,6.516745882558672,1.0418500366479542,1.0206776108651787,46.47307626328802,11.07105428671218,40161,41,14657,13,1,0,0,0,Laura Viviani,Italy,multiple,no,off,50,NA
NL-MICA_C1,2020-08-03,2023-02-13,925,10,9.05945945945946,100,0,8380,9.816616473587956,1.6907951192656192,1.6887216089023338,51.275798885704205,3.581328668875922,53965,39,57,9,0,0,0,0,NA,NA,NA,NA,NA,NA,NA
NL-MICA_C2,2021-10-09,2023-04-19,558,12,9.54121863799283,100,0,5324,69.9975262456991,3.967459448673731,8.588824527919762,53.15964824644952,5.559581399845496,40482,54,213,10,0,0,0,1,NA,NA,NA,NA,NA,NA,NA
NO-evenstadlia,2023-03-21,2025-08-26,890,36,19.306741573033708,100,0,17183,8.685936046536765,0.4484000690683091,0.5872337788638602,61.43502551361577,11.177916647931774,14759,38,1985,17,2,0,2,2,John,Norway,NA,NA,NA,NA,NA
NO-gravberget,2023-11-18,2025-09-04,657,52,49.49771689497717,100,0,32520,23.289254039914955,1.161033635936562,1.2112076174941944,60.94267205680519,12.211435212817591,131479,23,1347,11,1,0,0,0,Torfinn,Norway,multiple,no,off,120,NA
NO-nina,2024-05-01,2025-08-11,468,277,73.22008547008546,100,0,34267,51.8944960431104,1.1131949079340828,2.3597291744684465,59.04856196248249,11.177723169091513,5559,16,5173,11,1,0,0,3,Francesco Frassinelli,Norway,NA,NA,NA,NA,NA
PL-kampinos_NP,2020-01-01,2023-04-23,1209,156,3.7336641852770884,100,0,4514,39.527896246899715,0.6842760706708217,4.801863907701435,52.27197976898681,20.469983534139104,28944,11,2924,9,1,1,0,1,Kinga Stępniak,Poland,NA,NA,NA,NA,NA
SE-grimso-high,2022-05-12,2023-05-12,366,32,31.704918032786885,100,0,11604,15.145202166042605,1.4152077124952778,1.5622318755526996,59.67874050447008,15.469607124499012,57479,26,7533,12,1,0,0,0,NA,NA,NA,NA,NA,NA,NA
SE-grimso-low,2022-05-16,2023-05-16,366,32,31.96448087431694,100,0,11699,15.145202166042605,1.4152077124952778,1.5638851350625926,59.67874050447008,15.469607124499012,68959,33,9802,12,1,0,0,0,NA,NA,NA,NA,NA,NA,NA
SE-Jarnashalvon,2017-01-30,2018-02-11,378,189,29.478835978835978,100,0,11143,18.244459433307007,0.19260602439248686,0.2971280646133735,63.539516981445345,19.709852176435234,178809,30,45891,10,1,0,0,0,NA,NA,NA,NA,NA,NA,NA
SI-rizana,2022-07-29,2024-07-17,720,66,7.5472222222222225,77.8,160,5434,10.695937348743046,0.03578780493829563,1.5164367242118535,45.51735077755456,13.894519676994099,13385,45,6335,16,1,0,0,0,Luka Duniš,Slovenia,NA,NA,NA,NA,NA
SI-serknica,2023-01-17,2025-03-17,791,99,38.13653603034134,100,0,30166,13.709667876861499,0.49995535416486764,1.4786277617669072,45.867925898817006,14.47744659689528,1826135,27,533638,15,2,5376,0,6,Klemen Jerina,Slovenia,multiple,no,off,120,NA
SI-sinji,2019-12-31,2025-09-17,2088,35,5.793103448275862,100,0,12096,9.450951721866465,1.0692550955939844,2.7726098100444503,45.50623035906789,15.278027876173876,12470,70,6273,22,1,0,0,0,Zarja Platovšek,Slovenia,multiple,no,off,50,NA
SI-strunjan,2024-07-25,2024-10-10,78,6,5.948717948717949,100,0,464,4.143733091386362,1.311096358383876,1.2492462899888046,45.540372996644635,13.681955188792982,1303,21,549,9,0,0,0,0,Luka Duniš,Slovenia,NA,NA,NA,NA,NA
SI-vrhe,2022-07-28,2025-06-12,1051,51,4.082778306374881,75,263,4291,10.98894518551054,0.07039870963863586,3.341588628300504,45.76059862675109,13.977098635383177,7372,49,3954,21,1,0,0,0,Luka Duniš,Slovenia,NA,NA,NA,NA,NA
SI-zabnik,2023-05-12,2024-07-16,432,35,5.9907407407407405,100,0,2588,10.42240938192356,1.070110328836787,2.0985555930902087,45.520128063041945,14.03674551090396,4231,28,2405,11,1,0,0,0,Luka Duniš,Slovenia,NA,NA,NA,NA,NA
SP-donana,2020-10-19,2025-03-15,1609,81,48.34617775015538,100,0,77789,39.43251113629383,0.7048204542938503,1.7481833312687776,36.98150643678635,-6.435006053453269,591152,16,312361,11,3,0,0,0,Simone Santoro,Spain,NA,NA,NA,NA,NA
